INDEX,넷,두,셋,여섯,하나,다섯
1,0.0,0.0,0.38333288898839096,0.0,0.9236102512530997,0.0
2,0.0,0.0,1.0,0.0,0.0,0.0
3,0.0,0.0,0.0,0.818360240115361,0.0,0.5747055919323637
4,0.0,0.0,0.338699512560854,0.4937561736982813,0.4937561736982813,0.6306285135170352
