INDEX,넷,두,셋,여섯,다섯,하나
A,0.0,0.0,0.3462415530579614,0.0,0.0,0.9381453975456102
C,0.0,0.0,0.0,0.818360240115361,0.5747055919323638,0.0
B,0.0,0.0,1.0,0.0,0.0,0.0
