{
  "0": {
    "index": 0,
    "x_name": [
      "\uc14b",
      "\ud558\ub098"
    ],
    "x": [
      0.3462415530579614,
      0.9381453975456102
    ],
    "y": "A"
  },
  "1": {
    "index": 1,
    "x_name": [
      "\uc14b"
    ],
    "x": [
      1.0
    ],
    "y": "B"
  },
  "2": {
    "index": 2,
    "x_name": [
      "\uc5ec\uc12f",
      "\ub2e4\uc12f"
    ],
    "x": [
      0.818360240115361,
      0.5747055919323638
    ],
    "y": "C"
  }
}