{
  "0": {
    "index": 0,
    "x_name": [
      "\u600e\u4e48",
      "\u5728",
      "\u4f53\u80b2",
      "\u9875\u9762",
      "\u8c03\u6574",
      "\u641c\u5bfb",
      "\u8d5b\u4e8b",
      "howtochangeinmobileversion",
      "\u624b\u673a"
    ],
    "x": [
      0.13160641183449048,
      0.17397421327132961,
      0.2285958093281782,
      0.2285958093281782,
      0.2285958093281782,
      0.2285958093281782,
      0.2285958093281782,
      0.7071067811865475,
      0.4371870369403106
    ],
    "y": "517"
  },
  "1": {
    "index": 1,
    "x_name": [
      "\u5417",
      "\u4ec0\u4e48",
      "\u7684",
      "\u8fd8",
      "\u597d",
      "\u5929\u6c14",
      "\u4e86",
      "\u5982\u4f55",
      "\u4eca\u5929",
      "\u6765",
      "\u4f1a",
      "\u7a81\u7136",
      "\u53f0\u98ce",
      "\u600e\u4e48\u6837",
      "\u5317\u4eac",
      "\u4e0d\u600e\u4e48",
      "\u8d70",
      "\u6ca1",
      "\u66b4\u98ce\u96e8",
      "\u5dee",
      "\u96e8",
      "\u65f6\u5019",
      "\u505c",
      "\u96ea",
      "\u53c8",
      "\u660e\u5929",
      "\u4e0b\u96e8"
    ],
    "x": [
      0.10710297850577093,
      0.021296951955671873,
      0.040439715085904875,
      0.07201921824785065,
      0.1277666732828608,
      0.7301929281397792,
      0.055827385445641864,
      0.11066785365485948,
      0.24716215857532672,
      0.18066841230278968,
      0.30173628171009736,
      0.07201921824785065,
      0.262544884519739,
      0.09389811060720281,
      0.08475745074928982,
      0.1281173208494119,
      0.10676927671961581,
      0.10676927671961581,
      0.10303620727797148,
      0.11623507334545949,
      0.09599761996630927,
      0.09599761996630927,
      0.09599761996630927,
      0.10270245446581665,
      0.10270245446581665,
      0.12126049790906909,
      0.12126049790906909
    ],
    "y": "521"
  },
  "2": {
    "index": 2,
    "x_name": [
      "\u5417",
      "\u4f60",
      "\u6211",
      "\u662f",
      "\u7684",
      "\u8981",
      "\u60f3",
      "\u597d",
      "\u5403",
      "\u80fd",
      "\u559c\u6b22",
      "\u4e1c\u897f",
      "\u5230",
      "\u7ed9",
      "\u8336",
      "\u53bb",
      "\u548c",
      "\u5317\u4eac",
      "\u8bf7",
      "\u54ea\u91cc",
      "\u4e70",
      "\u9a6c",
      "\u9edb",
      "\u4e4c\u62c9\u572d",
      "\u4e00\u79cd",
      "\u4e48",
      "\u7f8e\u5473",
      "\u4f73\u80b4",
      "\u54ea\u4e9b",
      "\u690d\u7269",
      "\u7c7b",
      "\u82b1\u8349",
      "\u7528\u4f5c",
      "\u888b",
      "\u6ce1\u8336",
      "\u539f\u6599",
      "\u60f3\u8981",
      "\u559d\u9152",
      "\u8fd9\u5bb6",
      "\u9910\u9986",
      "\u53a8\u5e08",
      "\u4e2d\u56fd",
      "\u4eba",
      "\u9175\u6bcd",
      "\u63d0\u53d6\u7269",
      "\u6dfb\u52a0\u5242",
      "\u70e4\u9e2d",
      "\u996d\u5e97",
      "\u5f88",
      "\u7231",
      "\u9c7c",
      "\u83dc\u8c31",
      "\u4e00\u676f",
      "\u7ea2\u8461\u8404\u9152",
      "\u6709\u6ca1\u6709",
      "\u82f1\u6587",
      "\u83dc\u5355",
      "\u6c34\u679c",
      "\u9152\u7c7b",
      "\u5496\u5561",
      "\u8fd8\u662f"
    ],
    "x": [
      0.027455016638220114,
      0.05975122837685373,
      0.2568753476287917,
      0.11544925090103002,
      0.06378473999372807,
      0.06020748378691396,
      0.10921648079365,
      0.06020748378691396,
      0.1724030291634654,
      0.2085398854016697,
      0.07987380771283839,
      0.19465955399789753,
      0.1553664696019796,
      0.17835317625262156,
      0.2535126062323004,
      0.08048371746500695,
      0.04866194988229398,
      0.08048371746500695,
      0.2551657083225579,
      0.22227916597017472,
      0.22227916597017472,
      0.06961951096674032,
      0.06961951096674032,
      0.06961951096674032,
      0.06961951096674032,
      0.06961951096674032,
      0.15672490334434536,
      0.15672490334434536,
      0.07607395949730601,
      0.07607395949730601,
      0.07607395949730601,
      0.07607395949730601,
      0.07607395949730601,
      0.07607395949730601,
      0.07607395949730601,
      0.07607395949730601,
      0.15329061123162468,
      0.15329061123162468,
      0.09674215192646327,
      0.09674215192646327,
      0.09674215192646327,
      0.09674215192646327,
      0.09674215192646327,
      0.12375556177665256,
      0.12375556177665256,
      0.12375556177665256,
      0.11514616788378758,
      0.11514616788378758,
      0.12084359699099717,
      0.12084359699099717,
      0.12084359699099717,
      0.13801056699851938,
      0.11715514132403855,
      0.11715514132403855,
      0.12796534772688628,
      0.12796534772688628,
      0.12796534772688628,
      0.11113958298508736,
      0.11113958298508736,
      0.1142735842988197,
      0.1142735842988197
    ],
    "y": "522"
  },
  "3": {
    "index": 3,
    "x_name": [
      "\u5417",
      "\u6211",
      "\u600e\u4e48",
      "\u94f6\u8054\u652f\u4ed8",
      "\u4ec0\u4e48",
      "\u94f6\u8054",
      "\u662f",
      "\u7684",
      "\u53ef\u4ee5",
      "\u8981",
      "\u4f7f\u7528",
      "\u626b",
      "\u7801",
      "\u610f\u601d",
      "\u5b58\u6b3e",
      "\u7528",
      "\u4e86",
      "\u5982\u4f55",
      "\u80fd",
      "\u554a",
      "\u4e1c\u897f",
      "\u5230",
      "\u8fd9\u4e2a",
      "\u4fe1\u7528\u5361",
      "\u5145\u503c",
      "\u64cd\u4f5c",
      "\u6765",
      "\u7a81\u7136",
      "\u53bb",
      "\u5b58\u94b1",
      "\u7b2c\u4e00\u6b21",
      "\u4e3a\u4ec0\u4e48",
      "\u4e0d\u652f",
      "\u6301",
      "\u4ed8",
      "\u5f04",
      "\u4e0b",
      "\u641e",
      "\u8bd5\u8bd5",
      "\u65b9\u5f0f",
      "\u90a3\u4e2a",
      "\u8bf7\u95ee",
      "\u8bd5\u7528",
      "\u5927\u6982",
      "\u591a\u957f",
      "\u65f6\u95f4",
      "\u8d26",
      "\u4e8c\u7ef4",
      "\u62ff",
      "\u600e\u6837",
      "\u4e0d\u4f1a",
      "\u652f\u4ed8"
    ],
    "x": [
      0.012129328265031039,
      0.0176231826063094,
      0.17202729804208097,
      0.6213479765592703,
      0.03283446719837644,
      0.5269944064594241,
      0.03227904207896748,
      0.03657455147189326,
      0.02175691773480511,
      0.0349745718823778,
      0.08419053543182112,
      0.1984325147152459,
      0.1984325147152459,
      0.04077372523376666,
      0.18350294637877657,
      0.2362751252755734,
      0.022550711557080085,
      0.07164597322113457,
      0.030870016935167662,
      0.07891906368223896,
      0.046753051029391854,
      0.030870016935167662,
      0.1007918202417056,
      0.09780185787006647,
      0.10975057701325648,
      0.10515611016163198,
      0.015923469544888984,
      0.030145174377630802,
      0.04091976281492008,
      0.11247967021434672,
      0.024845638779064982,
      0.043127994321111085,
      0.043127994321111085,
      0.043127994321111085,
      0.043127994321111085,
      0.07756363390858999,
      0.06688849412616006,
      0.058542945421229495,
      0.058542945421229495,
      0.04245780736443005,
      0.054673863548955405,
      0.06379297576797882,
      0.06379297576797882,
      0.04416500957647303,
      0.04416500957647303,
      0.04416500957647303,
      0.04416500957647303,
      0.022781334601068275,
      0.022781334601068275,
      0.03237464220517751,
      0.03237464220517751,
      0.021228903682215024
    ],
    "y": "527"
  },
  "4": {
    "index": 4,