INDEX,class,radius
A,A,1.5700924586837752e-16
B,B,0.0
C,C,0.1729375813394745
