INDEX,0
넷,0.0
두,0.0
셋,0.4054651081081644
여섯,1.0986122886681098
다섯,1.0986122886681098
하나,1.0986122886681098
