INDEX,넷,두,셋,여섯,다섯,하나
A,0.0,0.0,0.3462415530579614,0.0,0.0,0.9381453975456102
B,0.0,0.0,1.0,0.0,0.0,0.0
C,0.0,0.0,0.0,0.8649100931185951,0.5019268181932334,0.0
C,0.0,0.0,0.0,0.7071067811865476,0.7071067811865476,0.0
