INDEX,0
넷,0.0
두,0.0
셋,0.28768207245178085
여섯,0.6931471805599453
하나,0.6931471805599453
다섯,0.6931471805599453
