INDEX,0
C,0.1724012949363584
B,0.0
A,1.5700924586837752e-16
