{
  "0": {
    "index": 0,
    "x_name": [
      "\u600e\u4e48",
      "\u5728",
      "\u4f53\u80b2",
      "\u9875\u9762",
      "\u8c03\u6574",
      "\u641c\u5bfb",
      "\u8d5b\u4e8b",
      "howtochangeinapp",
      "\uff08app\uff09"
    ],
    "x": [
      0.13160641183449048,
      0.17397421327132961,
      0.2285958093281782,
      0.2285958093281782,
      0.2285958093281782,
      0.2285958093281782,
      0.2285958093281782,
      0.7071067811865475,
      0.4371870369403106
    ],
    "y": 