{
  "0": {
    "index": 0,
    "x_name": [
      "\u600e\u4e48",
      "\u5728",
      "\u4f53\u80b2",
      "\u9875\u9762",
      "\u8c03\u6574",
      "\u641c\u5bfb",
      "\u8d5b\u4e8b",
      "howtochangeinapp",
      "\uff08app\uff09"
    ],
    "x": [
      0.13160641183449048,
      0.17397421327132961,
      0.2285958093281782,
      0.2285958093281782,
      0.2285958093281782,
      0.2285958093281782,
      0.2285958093281782,
      0.7071067811865475,
      0.4371870369403106
    ],
    "y": "516"
  },
  "1": {
    "index": 1,
    "x_name": [
      "\u600e\u4e48",
      "\u5728",
      "\u4f53\u80b2",
      "\u9875\u9762",
      "\u8c03\u6574",
      "\u641c\u5bfb",
      "\u8d5b\u4e8b",
      "howtochangeinmobileversion",
      "\u624b\u673a"
    ],
    "x": [
      0.13160641183449048,
      0.17397421327132961,
      0.2285958093281782,
      0.2285958093281782,
      0.2285958093281782,
      0.2285958093281782,
      0.2285958093281782,
      0.7071067811865475,
      0.4371870369403106
    ],
    "y": "517"
  },
  "2": {
    "index": 2,
    "x_name": [
      "\u600e\u4e48",
      "\u5728",
      "\u4f53\u80b2",
      "\u9875\u9762",
      "\u8c03\u6574",
      "\u641c\u5bfb",
      "\u8d5b\u4e8b",
      "howtochangeondesktop",
      "\u7535\u8111"
    ],
    "x": [
      0.13160641183449048,
      0.17397421327132961,
      0.2285958093281782,
      0.2285958093281782,
      0.2285958093281782,
      0.2285958093281782,
      0.2285958093281782,
      0.7071067811865475,
      0.4371870369403106
    ],
    "y": "518"
  },
  "3": {
    "index": 3,
    "x_name": [
      "\u5417",
      "\u4f60",
      "\u6211",
      "\u4ec0\u4e48",
      "\u7684",
      "\u662f",
      "\u53ef\u4ee5",
      "\u8981",
      "\u60f3",
      "\u5728",
      "\u597d",
      "\u5403",
      "\u559c\u6b22",
      "\u554a",
      "\u505a\u7231",
      "\u5927",
      "\u7ed9",
      "\u6709",
      "\u7f8e\u5973",
      "\u8eab\u6750",
      "\u53e3",
      "\u4ea4",
      "\u7b2c\u4e00\u6b21",
      "\u73a9",
      "\u548c",
      "\u59ff\u52bf",
      "\u5c0f",
      "\u9a9a\u8d27",
      "\u4e0a\u9762",
      "\u5904\u5973",
      "\u5e2e",
      "\u6253",
      "\u98de\u673a",
      "\u542c",
      "\u53eb",
      "\u5e8a",
      "\u58f0",
      "\u80f8\u90e8",
      "\u8214",
      "\u9634\u90e8",
      "\u90fd",
      "\u51e0\u5c81",
      "\u79c1\u4eba",
      "\u95ee\u9898",
      "\u4e0d\u8981",
      "\u53cc",
      "\u98de",
      "\u808f",
      "\u64cd",
      "\u4e00\u591c",
      "\u60c5",
      "\u5976",
      "\u4e0d\u5927",
      "\u62e5\u62b1",
      "\u5f3a\u5978",
      "\u5c04",
      "\u91cc\u9762",
      "\u8ba9",
      "jj",
      "\u7537\u670b\u53cb",
      "\u6253\u70ae",
      "\u7ea6",
      "\u70ae",
      "\u5305\u517b",
      "\u5c41\u80a1",
      "\u54aa\u54aa",
      "\u4e0a\u5e8a",
      "\u59b9\u5b50",
      "\u4e0a",
      "\u6253\u624b",
      "\u67aa"
    ],
    "x": [
      0.19707912967945154,
      0.7476701113808183,
      0.23492952548465718,
      0.011069692526704287,
      0.09549329041854568,
      0.044171209513624486,
      0.04641311719228389,
      0.17811696109022893,
      0.17210723302154543,
      0.06709147643163357,
      0.06830930143235084,
      0.025531371763742795,
      0.11999563062011599,
      0.026797135037344946,
      0.1785557523975402,
      0.15332266508250808,
      0.036411672249565166,
      0.047155761575045585,
      0.08823550832236438,
      0.13064080735530242,
      0.09968160670331412,
      0.09968160670331412,
      0.02953389133721819,
      0.09741170335818757,
      0.04010527066266886,
      0.04989747540090777,
      0.05630736522337501,
      0.05630736522337501,
      0.05961299926996556,
      0.06874622367156656,
      0.04758828077560975,
      0.054895123009487394,
      0.054895123009487394,
      0.03884940563781478,
      0.03884940563781478,
      0.03884940563781478,
      0.03884940563781478,
      0.05385458295230514,
      0.05065206902616196,
      0.05065206902616196,
      0.04225344600484493,
      0.04225344600484493,
      0.05915721997571779,
      0.05915721997571779,
      0.038338032921456607,
      0.038338032921456607,
      0.038338032921456607,
      0.0653795994002745,
      0.0653795994002745,
      0.04589680763417722,
      0.04589680763417722,
      0.045613499177897796,
      0.045613499177897796,
      0.0653795994002745,
      0.0653795994002745,
      0.05267659728369714,
      0.05267659728369714,
      0.04882847504167403,
      0.04882847504167403,
      0.0674646426635158,
      0.07274537175987902,
      0.05844250106986566,
      0.05844250106986566,
      0.06780497769198983,
      0.05385458295230514,
      0.05151489572401032,
      0.057377670592268934,
      0.05151489572401033,
      0.05151489572401033,
      0.054895123009487394,
      0.054895123009487394
    ],
    "y": "520"
  },
  "4": {
    "index": 4,
    "x_name": [
      "\u5417",
      "\u4ec0\u4e48",
      "\u7684",
      "\u8fd8",
      "\u597d",
      "\u5929\u6c14",
      "\u5982\u4f55",
      "\u4e86",
      "\u4eca\u5929",
      "\u4f1a",
      "\u7a81\u7136",
      "\u6765",
      "\u5317\u4eac",
      "\u53f0\u98ce",
      "\u600e\u4e48\u6837",
      "\u660e\u5929",
      "\u4e0b\u96e8",
      "\u66b4\u98ce\u96e8",
      "\u5dee",
      "\u96ea",
      "\u53c8",
      "\u4e0d\u600e\u4e48",
      "\u8d70",
      "\u6ca1",
      "\u96e8",
      "\u65f6\u5019",
      "\u505c"
    ],
    "x": [
      0.10710297850577093,
      0.021296951955671873,
      0.040439715085904875,
      0.07201921824785065,
      0.1277666732828608,
      0.7301929281397794,
      0.11066785365485948,
      0.055827385445641864,
      0.24716215857532672,
      0.30173628171009736,
      0.07201921824785065,
      0.18066841230278968,
      0.08475745074928982,
      0.262544884519739,
      0.09389811060720281,
      0.12126049790906909,
      0.12126049790906909,
      0.10303620727797148,
      0.11623507334545949,
      0.10270245446581665,
      0.10270245446581665,
      0.1281173208494119,
      0.10676927671961581,
      0.10676927671961581,
      0.09599761996630927,
      0.09599761996630927,
      0.09599761996630927
    ],
    "y": "521"
  },
  "5": {
    "index": 5,
    "x_name": [
      "\u5417",
      "\u4f60",
      "\u6211",
      "\u7684",
      "\u662f",
      "\u8981",
      "\u60f3",
      "\u597d",
      "\u5403",
      "\u80fd",
      "\u559c\u6b22",
      "\u5230",
      "\u4e1c\u897f",
      "\u7ed9",
      "\u8336",
      "\u53bb",
      "\u548c",
      "\u5317\u4eac",
      "\u8bf7",
      "\u54ea\u91cc",
      "\u4e70",
      "\u54ea\u4e9b",
      "\u690d\u7269",
      "\u7c7b",
      "\u82b1\u8349",
      "\u7528\u4f5c",
      "\u888b",
      "\u6ce1\u8336",
      "\u539f\u6599",
      "\u83dc\u8c31",
      "\u4e00\u676f",
      "\u7ea2\u8461\u8404\u9152",
      "\u6709\u6ca1\u6709",
      "\u82f1\u6587",
      "\u83dc\u5355",
      "\u9152\u7c7b",
      "\u8fd9\u5bb6",
      "\u9910\u9986",
      "\u53a8\u5e08",
      "\u4e2d\u56fd",
      "\u4eba",
      "\u5f88",
      "\u7231",
      "\u9c7c",
      "\u9a6c",
      "\u9edb",
      "\u4e4c\u62c9\u572d",
      "\u4e00\u79cd",
      "\u4e48",
      "\u6c34\u679c",
      "\u9175\u6bcd",
      "\u63d0\u53d6\u7269",
      "\u6dfb\u52a0\u5242",
      "\u70e4\u9e2d",
      "\u996d\u5e97",
      "\u60f3\u8981",
      "\u559d\u9152",
      "\u5496\u5561",
      "\u8fd8\u662f",
      "\u7f8e\u5473",
      "\u4f73\u80b4"
    ],