INDEX,넷,두,셋,여섯,다섯,하나
1,0.0,0.0,0.34624155305796134,0.0,0.0,0.9381453975456102
1,0.0,0.0,0.3462415530579613,0.0,0.0,0.9381453975456101
1,0.0,0.0,0.3462415530579614,0.0,0.0,0.9381453975456102
2,0.0,0.0,1.0,0.0,0.0,0.0
2,0.0,0.0,1.0,0.0,0.0,0.0
2,0.0,0.0,1.0,0.0,0.0,0.0
3,0.0,0.0,0.0,0.8320502943378436,0.5547001962252291,0.0
3,0.0,0.0,0.0,0.7071067811865476,0.7071067811865476,0.0
3,0.0,0.0,0.0,0.8944271909999159,0.4472135954999579,0.0
