INDEX,0
1,1.5700924586837752e-16
2,0.0
3,0.1724012949363584
