INDEX,class,radius
1,1,1.5700924586837752e-16
2,2,0.0
3,3,0.1729375813394745
