{
  "0": {
    "index": 0,
    "x_name": [
      "\uc14b",
      "\ud558\ub098"
    ],
    "x": [
      1.0,
      2.709511291351455
    ],
    "y": "1"
  },
  "1": {
    "index": 1,
    "x_name": [
      "\uc14b"
    ],
    "x": [
      1.0
    ],
    "y": "2"
  },
  "2": {
    "index": 2,
    "x_name": [
      "\uc5ec\uc12f",
      "\ub2e4\uc12f"
    ],
    "x": [
      1.4239642898962301,
      1.0
    ],
    "y": "3"
  }
}