INDEX,넷,두,셋,여섯,하나,다섯,_unk
0,0.4105593982378775,0.5405023517446939,0.5192774731668066,0.0,0.5192774731668066,0.0,0.0
1,0.5686283179268321,0.5686283179268321,0.5944103566589356,0.0,0.0,0.0,0.0
2,0.4119545937632094,0.22498043039639376,0.0,0.7252265967467298,0.0,0.5037098390811903,0.0
3,0.3975814199580259,0.3056099057070406,0.3975814199580259,0.4985294374837794,0.4985294374837794,0.3056099057070406,0.0
