INDEX,넷,두,셋,여섯,하나,다섯
0,0.0,0.0,0.38333288898839096,0.0,0.9236102512530997,0.0
1,0.0,0.0,1.0,0.0,0.0,0.0
2,0.0,0.0,0.0,0.818360240115361,0.0,0.5747055919323637
3,0.0,0.0,0.4731576957150336,0.0,0.0,0.8809777494271009
3,0.0,0.0,0.0,0.7071067811865475,0.7071067811865475,0.0
