INDEX,넷,두,셋,여섯,하나,다섯
0,0.0,0.0,0.07271159360963035,0.0,0.9973530087961574,0.0
1,0.0,0.0,1.0,0.0,0.0,0.0
2,0.0,0.0,0.0,0.8056044336812391,0.0,0.5924537926565498
3,0.0,0.0,0.06948115221510821,0.4810708096596937,0.5014870803214155,0.7157191864487985
