INDEX,class,radius
0,0,2.2247786310271853e-16
1,1,0.0
2,2,0.1749758202085701
3,3,0.8258817926452942
