INDEX,0
넷,0.0
두,0.0
셋,0.053009048216481836
여섯,0.6931471805599453
하나,0.7271018431526509
다섯,0.7271018431526509
