INDEX,0
0,1.2412670766236366e-16
1,0.0
2,0.1724012949363585
3,0.1988619770716059
3,0.3166900699946545
