INDEX,넷,두,셋,여섯,하나,다섯
0,0.0,0.0,0.07271159360963035,0.0,0.9973530087961574,0.0
1,0.0,0.0,1.0,0.0,0.0,0.0
2,0.0,0.0,0.0,0.8056044336812391,0.0,0.5924537926565498
3,0.0,0.0,0.09662454822992986,0.0,0.0,0.9953209013576285
3,0.0,0.0,0.0,0.69226459715295,0.7216437677474004,0.0
