INDEX,0
0,0.29270420409850495
1,0.3139848558378422
2,0.2773619427827931
3,0.2751981521220332
3,0.31669006999465454
