INDEX,0
0,0.007346862401514855
1,0.3139848558378422
2,0.1757927126506953
3,0.006686098836722448
3,0.3190172255322768
