INDEX,0
1,1.2412670766236366e-16
2,0.0
3,0.1724012949363585
4,0.3166900699946545
4,0.1988619770716059
