{
  "0": {
    "index": 0,
    "x_name": [
      "\ub137",
      "\ub450",
      "\uc14b",
      "\ud558\ub098"
    ],
    "x": [
      0.0072049463798923566,
      0.010086698740470771,
      0.008646064919734003,
      0.9998857898868179
    ],
    "y": 0
  },
  "1": {
    "index": 1,
    "x_name": [
      "\ub137",
      "\ub450",
      "\uc14b"
    ],
    "x": [
      0.5686283179268321,
      0.5686283179268321,
      0.5944103566589356
    ],
    "y": 1
  },
  "2": {
    "index": 2,
    "x_name": [
      "\ub137",
      "\ub450",
      "\uc5ec\uc12f",
      "\ub2e4\uc12f"
    ],
    "x": [
      0.004554683277890408,
      0.002555849529918123,
      0.7950848943215381,
      0.6064756658886878
    ],
    "y": 2
  },
  "3": {
    "index": 3,
    "x_name": [
      "\ub137",
      "\ub450",
      "\uc14b",
      "\uc5ec\uc12f",
      "\ud558\ub098",
      "\ub2e4\uc12f"
    ],
    "x": [
      0.008602036250810855,
      0.0064515920906057945,
      0.008602036250810855,
      0.4644856341993273,
      0.5167701110748903,
      0.7190355588051749
    ],
    "y": 3
  }
}