INDEX,넷,두,셋,여섯,하나,다섯
0,0.0072049463798923566,0.010086698740470771,0.008646064919734003,0.0,0.9998857898868179,0.0
1,0.5686283179268321,0.5686283179268321,0.5944103566589356,0.0,0.0,0.0
2,0.004554683277890407,0.0025558495299181226,0.0,0.795084894321538,0.0,0.6064756658886877
3,0.008602036250810855,0.0064515920906057945,0.008602036250810855,0.4644856341993273,0.5167701110748903,0.7190355588051749
