INDEX,class,radius
0,0,1.2412670766236366e-16
1,1,0.0
2,2,0.17293758133947462
3,3,0.8216526988701123
