{
  "0": {
    "index": 0,
    "x_name": [
      "\ub137",
      "\ub450",
      "\uc14b",
      "\ud558\ub098"
    ],
    "x": [
      0.4105593982378775,
      0.5405023517446939,
      0.5192774731668066,
      0.5192774731668066
    ],
    "y": 0
  },
  "1": {
    "index": 1,
    "x_name": [
      "\ub137",
      "\ub450",
      "\uc14b"
    ],
    "x": [
      0.5686283179268321,
      0.5686283179268321,
      0.5944103566589356
    ],
    "y": 1
  },
  "2": {
    "index": 2,
    "x_name": [
      "\ub137",
      "\ub450",
      "\uc5ec\uc12f",
      "\ub2e4\uc12f"
    ],
    "x": [
      0.4119545937632094,
      0.22498043039639376,
      0.7252265967467298,
      0.5037098390811903
    ],
    "y": 2
  },
  "3": {
    "index": 3,
    "x_name": [
      "\ub137",
      "\ub450",
      "\uc14b",
      "\uc5ec\uc12f",
      "\ud558\ub098",
      "\ub2e4\uc12f"
    ],
    "x": [
      0.39758141995802593,
      0.30560990570704066,
      0.39758141995802593,
      0.4985294374837795,
      0.4985294374837795,
      0.30560990570704066
    ],
    "y": 3
  }
}