INDEX,class,radius
0,0,0.007346904640088307
1,1,0.3174362887699088
2,2,0.1763635936540799
3,3,0.8262534144489844
