INDEX,class,radius
0,0,0.29565144122450143
1,1,0.3174362887699088
2,2,0.27993351568994956
3,3,0.813821323634276
