INDEX,0
넷,0.01
두,0.01
셋,0.01
여섯,1.0229365159889445
하나,1.1564634306696595
다섯,1.1145087115041994
