INDEX,0
0,2.2247786310271853e-16
1,0.0
2,0.17441925914630327
3,0.04799828976049089
3,0.318017910166
