INDEX,넷,두,셋,여섯,하나,다섯,_unk
0,0.4105593982378775,0.5405023517446939,0.5192774731668066,0.0,0.5192774731668066,0.0,0.0
1,0.5686283179268321,0.5686283179268321,0.5944103566589356,0.0,0.0,0.0,0.0
2,0.4119545937632094,0.22498043039639376,0.0,0.7252265967467298,0.0,0.5037098390811903,0.0
3,0.0,0.0,0.0,0.7071067811865475,0.7071067811865475,0.0,0.0
3,0.5606210150439166,0.4309339595473169,0.5606210150439166,0.0,0.0,0.4309339595473169,0.0
