INDEX,class,radius
1,1,1.2412670766236366e-16
2,2,0.0
3,3,0.17293758133947462
4,4,0.8216526988701123
